<?xml version="1.0" encoding="UTF-8"?>
<project-private xmlns="http://www.netbeans.org/ns/project-private/1">
    <editor-bookmarks xmlns="http://www.netbeans.org/ns/editor-bookmarks/2" lastBookmarkId="1">
        <file>
            <url>src/qlks/BUS/DichVuBUS.java</url>
            <bookmark id="1">
                <name/>
                <line>48</line>
                <key/>
            </bookmark>
        </file>
    </editor-bookmarks>
    <open-files xmlns="http://www.netbeans.org/ns/projectui-open-files/2">
        <group>
            <file>file:/C:/Users/Admin/Desktop/QLCF/src/qlcf/GUI/QLCL.java</file>
            <file>file:/C:/Users/Admin/Desktop/QLCF/src/qlcf/GUI/MENUFORM.java</file>
            <file>file:/C:/Users/Admin/Desktop/QLCF/src/qlcf/GUI/Banhang.java</file>
            <file>file:/C:/Users/Admin/Desktop/QLCF/src/qlcf/GUI/Thongke.java</file>
            <file>file:/C:/Users/Admin/Desktop/QLCF/src/qlcf/GUI/DanhGia.java</file>
        </group>
    </open-files>
</project-private>
